NU_ANO,TP_ESCOLA,Q022,SG_UF_PROVA,QTD
2019,1,A,AC,1007
2019,1,A,AL,1566
2019,1,A,AM,2801
2019,1,A,AP,1071
2019,1,A,BA,7048
2019,1,A,CE,4145
2019,1,A,DF,1254
2019,1,A,ES,979
2019,1,A,GO,1924
2019,1,A,MA,5330
2019,1,A,MG,4852
2019,1,A,MS,908
2019,1,A,MT,1225
2019,1,A,PA,6764
2019,1,A,PB,1878
2019,1,A,PE,3983
2019,1,A,PI,2140
2019,1,A,PR,1546
2019,1,A,RJ,3973
2019,1,A,RN,1462
2019,1,A,RO,868
2019,1,A,RR,273
2019,1,A,RS,2021
2019,1,A,SC,772
2019,1,A,SE,1018
2019,1,A,SP,7053
2019,1,A,TO,765
2019,1,B,AC,9776
2019,1,B,AL,18372
2019,1,B,AM,24710
2019,1,B,AP,10404
2019,1,B,BA,80760
2019,1,B,CE,48060
2019,1,B,DF,13175
2019,1,B,ES,12521
2019,1,B,GO,21879
2019,1,B,MA,49723
2019,1,B,MG,64784
2019,1,B,MS,11564
2019,1,B,MT,13999
2019,1,B,PA,70081
2019,1,B,PB,28954
2019,1,B,PE,44948
2019,1,B,PI,26143
2019,1,B,PR,23091
2019,1,B,RJ,46038
2019,1,B,RN,20854
2019,1,B,RO,11670
2019,1,B,RR,2328
2019,1,B,RS,30790
2019,1,B,SC,12277
2019,1,B,SE,15534
2019,1,B,SP,82559
2019,1,B,TO,8064
2019,1,C,AC,11317
2019,1,C,AL,24535
2019,1,C,AM,30624
2019,1,C,AP,12045
2019,1,C,BA,107749
2019,1,C,CE,62601
2019,1,C,DF,20374
2019,1,C,ES,23766
2019,1,C,GO,38158
2019,1,C,MA,57806
2019,1,C,MG,123122
2019,1,C,MS,16917
2019,1,C,MT,20885
2019,1,C,PA,75477
2019,1,C,PB,42401
2019,1,C,PE,70312
2019,1,C,PI,32101
2019,1,C,PR,42562
2019,1,C,RJ,74304
2019,1,C,RN,33802
2019,1,C,RO,16168
2019,1,C,RR,3248
2019,1,C,RS,53737
2019,1,C,SC,19992
2019,1,C,SE,22333
2019,1,C,SP,147554
2019,1,C,TO,11629
2019,1,D,AC,6398
2019,1,D,AL,14880
2019,1,D,AM,18515
2019,1,D,AP,6992
2019,1,D,BA,71919
2019,1,D,CE,39017
2019,1,D,DF,17658
2019,1,D,ES,21496
2019,1,D,GO,34789
2019,1,D,MA,33897
2019,1,D,MG,118094
2019,1,D,MS,12656
2019,1,D,MT,17350
2019,1,D,PA,42500
2019,1,D,PB,25830
2019,1,D,PE,51364
2019,1,D,PI,20193
2019,1,D,PR,42362
2019,1,D,RJ,67918
2019,1,D,RN,23545
2019,1,D,RO,9909
2019,1,D,RR,2328
2019,1,D,RS,45813
2019,1,D,SC,20422
2019,1,D,SE,14168
2019,1,D,SP,162717
2019,1,D,TO,8500
2019,1,E,AC,3035
2019,1,E,AL,8778
2019,1,E,AM,10638
2019,1,E,AP,3739
2019,1,E,BA,35874
2019,1,E,CE,23335
2019,1,E,DF,16138
2019,1,E,ES,13788
2019,1,E,GO,23688
2019,1,E,MA,17333
2019,1,E,MG,82013
2019,1,E,MS,7632
2019,1,E,MT,10729
2019,1,E,PA,23708
2019,1,E,PB,15100
2019,1,E,PE,31472
2019,1,E,PI,11934
2019,1,E,PR,29419
2019,1,E,RJ,46141
2019,1,E,RN,13833
2019,1,E,RO,5404
2019,1,E,RR,1710
2019,1,E,RS,24467
2019,1,E,SC,12945
2019,1,E,SE,7691
2019,1,E,SP,125027
2019,1,E,TO,5306
2019,2,A,AC,306
2019,2,A,AL,528
2019,2,A,AM,1474
2019,2,A,AP,433
2019,2,A,BA,2832
2019,2,A,CE,8263
2019,2,A,DF,478
2019,2,A,ES,491
2019,2,A,GO,942
2019,2,A,MA,3263
2019,2,A,MG,1866
2019,2,A,MS,562
2019,2,A,MT,573
2019,2,A,PA,2498
2019,2,A,PB,767
2019,2,A,PE,2055
2019,2,A,PI,919
2019,2,A,PR,825
2019,2,A,RJ,1752
2019,2,A,RN,437
2019,2,A,RO,416
2019,2,A,RR,83
2019,2,A,RS,950
2019,2,A,SC,478
2019,2,A,SE,313
2019,2,A,SP,3779
2019,2,A,TO,395
2019,2,B,AC,1994
2019,2,B,AL,5380
2019,2,B,AM,8187
2019,2,B,AP,2310
2019,2,B,BA,22330
2019,2,B,CE,43281
2019,2,B,DF,2989
2019,2,B,ES,3690
2019,2,B,GO,6882
2019,2,B,MA,19158
2019,2,B,MG,18015
2019,2,B,MS,3350
2019,2,B,MT,3772
2019,2,B,PA,19142
2019,2,B,PB,8504
2019,2,B,PE,16730
2019,2,B,PI,8812
2019,2,B,PR,7865
2019,2,B,RJ,13590
2019,2,B,RN,4981
2019,2,B,RO,3017
2019,2,B,RR,571
2019,2,B,RS,7203
2019,2,B,SC,4332
2019,2,B,SE,4323
2019,2,B,SP,26917
2019,2,B,TO,2527
2019,2,C,AC,2147
2019,2,C,AL,6117
2019,2,C,AM,9163
2019,2,C,AP,2492
2019,2,C,BA,26279
2019,2,C,CE,32259
2019,2,C,DF,5195
2019,2,C,ES,7320
2019,2,C,GO,12504
2019,2,C,MA,15412
2019,2,C,MG,35687
2019,2,C,MS,5511
2019,2,C,MT,6099
2019,2,C,PA,17122
2019,2,C,PB,9594
2019,2,C,PE,21064
2019,2,C,PI,8791
2019,2,C,PR,16204
2019,2,C,RJ,21702
2019,2,C,RN,7371
2019,2,C,RO,4412
2019,2,C,RR,819
2019,2,C,RS,15714
2019,2,C,SC,9842
2019,2,C,SE,5150
2019,2,C,SP,55382
2019,2,C,TO,3439
2019,2,D,AC,1496
2019,2,D,AL,3728
2019,2,D,AM,6360
2019,2,D,AP,1597
2019,2,D,BA,18843
2019,2,D,CE,16191
2019,2,D,DF,6555
2019,2,D,ES,9132
2019,2,D,GO,13507
2019,2,D,MA,8592
2019,2,D,MG,41548
2019,2,D,MS,5825
2019,2,D,MT,7024
2019,2,D,PA,9981
2019,2,D,PB,5688
2019,2,D,PE,14979
2019,2,D,PI,4910
2019,2,D,PR,22293
2019,2,D,RJ,23243
2019,2,D,RN,5852
2019,2,D,RO,3923
2019,2,D,RR,782
2019,2,D,RS,19399
2019,2,D,SC,14476
2019,2,D,SE,3017
2019,2,D,SP,81939
2019,2,D,TO,3029
2019,2,E,AC,787
2019,2,E,AL,1838
2019,2,E,AM,4016
2019,2,E,AP,874
2019,2,E,BA,8501
2019,2,E,CE,8603
2019,2,E,DF,5491
2019,2,E,ES,5802
2019,2,E,GO,8501
2019,2,E,MA,3923
2019,2,E,MG,27795
2019,2,E,MS,3444
2019,2,E,MT,4209
2019,2,E,PA,4926
2019,2,E,PB,2948
2019,2,E,PE,8494
2019,2,E,PI,2392
2019,2,E,PR,14308
2019,2,E,RJ,14522
2019,2,E,RN,3082
2019,2,E,RO,2269
2019,2,E,RR,574
2019,2,E,RS,10123
2019,2,E,SC,9239
2019,2,E,SE,1367
2019,2,E,SP,63205
2019,2,E,TO,1771
2019,3,A,AC,6
2019,3,A,AL,83
2019,3,A,AM,46
2019,3,A,AP,21
2019,3,A,BA,215
2019,3,A,CE,141
2019,3,A,DF,107
2019,3,A,ES,46
2019,3,A,GO,97
2019,3,A,MA,61
2019,3,A,MG,171
2019,3,A,MS,36
2019,3,A,MT,44
2019,3,A,PA,135
2019,3,A,PB,74
2019,3,A,PE,184
2019,3,A,PI,43
2019,3,A,PR,132
2019,3,A,RJ,389
2019,3,A,RN,54
2019,3,A,RO,19
2019,3,A,RR,5
2019,3,A,RS,108
2019,3,A,SC,67
2019,3,A,SE,74
2019,3,A,SP,653
2019,3,A,TO,24
2019,3,B,AC,35
2019,3,B,AL,357
2019,3,B,AM,122
2019,3,B,AP,33
2019,3,B,BA,962
2019,3,B,CE,573
2019,3,B,DF,303
2019,3,B,ES,150
2019,3,B,GO,416
2019,3,B,MA,366
2019,3,B,MG,634
2019,3,B,MS,132
2019,3,B,MT,111
2019,3,B,PA,653
2019,3,B,PB,360
2019,3,B,PE,696
2019,3,B,PI,281
2019,3,B,PR,381
2019,3,B,RJ,1917
2019,3,B,RN,239
2019,3,B,RO,51
2019,3,B,RR,20
2019,3,B,RS,413
2019,3,B,SC,231
2019,3,B,SE,291
2019,3,B,SP,2690
2019,3,B,TO,71
2019,3,C,AC,70
2019,3,C,AL,845
2019,3,C,AM,294
2019,3,C,AP,133
2019,3,C,BA,2706
2019,3,C,CE,1633
2019,3,C,DF,812
2019,3,C,ES,509
2019,3,C,GO,1183
2019,3,C,MA,850
2019,3,C,MG,2504
2019,3,C,MS,319
2019,3,C,MT,357
2019,3,C,PA,1601
2019,3,C,PB,1093
2019,3,C,PE,1819
2019,3,C,PI,843
2019,3,C,PR,1514
2019,3,C,RJ,4800
2019,3,C,RN,756
2019,3,C,RO,111
2019,3,C,RR,32
2019,3,C,RS,1479
2019,3,C,SC,859
2019,3,C,SE,776
2019,3,C,SP,8665
2019,3,C,TO,131
2019,3,D,AC,147
2019,3,D,AL,1385
2019,3,D,AM,549
2019,3,D,AP,228
2019,3,D,BA,5147
2019,3,D,CE,3244
2019,3,D,DF,2056
2019,3,D,ES,1241
2019,3,D,GO,2664
2019,3,D,MA,1141
2019,3,D,MG,6416
2019,3,D,MS,733
2019,3,D,MT,807
2019,3,D,PA,2488
2019,3,D,PB,1918
2019,3,D,PE,3307
2019,3,D,PI,1345
2019,3,D,PR,4084
2019,3,D,RJ,10155
2019,3,D,RN,1552
2019,3,D,RO,206
2019,3,D,RR,73
2019,3,D,RS,3339
2019,3,D,SC,2479
2019,3,D,SE,1243
2019,3,D,SP,22866
2019,3,D,TO,270
2019,3,E,AC,124
2019,3,E,AL,1432
2019,3,E,AM,645
2019,3,E,AP,231
2019,3,E,BA,4262
2019,3,E,CE,3638
2019,3,E,DF,3264
2019,3,E,ES,1342
2019,3,E,GO,2846
2019,3,E,MA,1219
2019,3,E,MG,7124
2019,3,E,MS,804
2019,3,E,MT,937
2019,3,E,PA,2517
2019,3,E,PB,2067
2019,3,E,PE,3910
2019,3,E,PI,1465
2019,3,E,PR,4720
2019,3,E,RJ,9272
2019,3,E,RN,1499
2019,3,E,RO,196
2019,3,E,RR,110
2019,3,E,RS,2913
2019,3,E,SC,2288
2019,3,E,SE,1190
2019,3,E,SP,24984
2019,3,E,TO,328
2020,1,A,AC,1097
2020,1,A,AL,1885
2020,1,A,AM,3715
2020,1,A,AP,1230
2020,1,A,BA,8141
2020,1,A,CE,4126
2020,1,A,DF,1552
2020,1,A,ES,1023
2020,1,A,GO,2200
2020,1,A,MA,5873
2020,1,A,MG,4827
2020,1,A,MS,1319
2020,1,A,MT,1524
2020,1,A,PA,7460
2020,1,A,PB,2038
2020,1,A,PE,4629
2020,1,A,PI,2170
2020,1,A,PR,1639
2020,1,A,RJ,4630
2020,1,A,RN,1469
2020,1,A,RO,963
2020,1,A,RR,380
2020,1,A,RS,2539
2020,1,A,SC,912
2020,1,A,SE,1231
2020,1,A,SP,8049
2020,1,A,TO,961
2020,1,B,AC,10983
2020,1,B,AL,23670
2020,1,B,AM,36157
2020,1,B,AP,12763
2020,1,B,BA,103894
2020,1,B,CE,59407
2020,1,B,DF,19851
2020,1,B,ES,16033
2020,1,B,GO,30926
2020,1,B,MA,61549
2020,1,B,MG,84231
2020,1,B,MS,16996
2020,1,B,MT,19708
2020,1,B,PA,92812
2020,1,B,PB,35792
2020,1,B,PE,59840
2020,1,B,PI,32128
2020,1,B,PR,33531
2020,1,B,RJ,68191
2020,1,B,RN,25624
2020,1,B,RO,15338
2020,1,B,RR,3426
2020,1,B,RS,45095
2020,1,B,SC,17647
2020,1,B,SE,19478
2020,1,B,SP,123510
2020,1,B,TO,11501
2020,1,C,AC,12231
2020,1,C,AL,29131
2020,1,C,AM,40786
2020,1,C,AP,13539
2020,1,C,BA,125195
2020,1,C,CE,73646
2020,1,C,DF,26226
2020,1,C,ES,26060
2020,1,C,GO,46743
2020,1,C,MA,67363
2020,1,C,MG,142605
2020,1,C,MS,21865
2020,1,C,MT,25520
2020,1,C,PA,94734
2020,1,C,PB,48646
2020,1,C,PE,84198
2020,1,C,PI,37725
2020,1,C,PR,51833
2020,1,C,RJ,93083
2020,1,C,RN,38803
2020,1,C,RO,19602
2020,1,C,RR,4262
2020,1,C,RS,65423
2020,1,C,SC,24930
2020,1,C,SE,25014
2020,1,C,SP,189876
2020,1,C,TO,14689
2020,1,D,AC,6690
2020,1,D,AL,16779
2020,1,D,AM,24028
2020,1,D,AP,7874
2020,1,D,BA,79101
2020,1,D,CE,43992
2020,1,D,DF,21289
2020,1,D,ES,21825
2020,1,D,GO,37658
2020,1,D,MA,38425
2020,1,D,MG,127391
2020,1,D,MS,14620
2020,1,D,MT,18553
2020,1,D,PA,51821
2020,1,D,PB,28383
2020,1,D,PE,57633
2020,1,D,PI,22979
2020,1,D,PR,44912
2020,1,D,RJ,73955
2020,1,D,RN,25720
2020,1,D,RO,11543
2020,1,D,RR,3059
2020,1,D,RS,49387
2020,1,D,SC,21636
2020,1,D,SE,15325
2020,1,D,SP,186214
2020,1,D,TO,10363
2020,1,E,AC,3218
2020,1,E,AL,8903
2020,1,E,AM,13054
2020,1,E,AP,4274
2020,1,E,BA,37254
2020,1,E,CE,23830
2020,1,E,DF,17704
2020,1,E,ES,13881
2020,1,E,GO,24479
2020,1,E,MA,18873
2020,1,E,MG,85745
2020,1,E,MS,8400
2020,1,E,MT,10991
2020,1,E,PA,26698
2020,1,E,PB,14928
2020,1,E,PE,32326
2020,1,E,PI,12472
2020,1,E,PR,30500
2020,1,E,RJ,47421
2020,1,E,RN,14280
2020,1,E,RO,5852
2020,1,E,RR,1977
2020,1,E,RS,26031
2020,1,E,SC,13455
2020,1,E,SE,7529
2020,1,E,SP,140657
2020,1,E,TO,5781
2020,2,A,AC,300
2020,2,A,AL,637
2020,2,A,AM,2945
2020,2,A,AP,228
2020,2,A,BA,2934
2020,2,A,CE,6058
2020,2,A,DF,489
2020,2,A,ES,415
2020,2,A,GO,1674
2020,2,A,MA,2132
2020,2,A,MG,1750
2020,2,A,MS,521
2020,2,A,MT,578
2020,2,A,PA,2112
2020,2,A,PB,725
2020,2,A,PE,2282
2020,2,A,PI,640
2020,2,A,PR,703
2020,2,A,RJ,1644
2020,2,A,RN,465
2020,2,A,RO,406
2020,2,A,RR,136
2020,2,A,RS,866
2020,2,A,SC,411
2020,2,A,SE,497
2020,2,A,SP,2796
2020,2,A,TO,565
2020,2,B,AC,1603
2020,2,B,AL,4650
2020,2,B,AM,12001
2020,2,B,AP,1823
2020,2,B,BA,21291
2020,2,B,CE,42913
2020,2,B,DF,2517
2020,2,B,ES,2966
2020,2,B,GO,10881
2020,2,B,MA,14226
2020,2,B,MG,13703
2020,2,B,MS,2640
2020,2,B,MT,3046
2020,2,B,PA,16261
2020,2,B,PB,7360
2020,2,B,PE,16971
2020,2,B,PI,7019
2020,2,B,PR,5932
2020,2,B,RJ,11802
2020,2,B,RN,4036
2020,2,B,RO,2943
2020,2,B,RR,618
2020,2,B,RS,5582
2020,2,B,SC,3045
2020,2,B,SE,4528
2020,2,B,SP,17457
2020,2,B,TO,3197
2020,2,C,AC,1926
2020,2,C,AL,5746
2020,2,C,AM,12514
2020,2,C,AP,2001
2020,2,C,BA,26177
2020,2,C,CE,37557
2020,2,C,DF,4975
2020,2,C,ES,6012
2020,2,C,GO,17935
2020,2,C,MA,13132
2020,2,C,MG,29033
2020,2,C,MS,4710
2020,2,C,MT,5464
2020,2,C,PA,16149
2020,2,C,PB,9397
2020,2,C,PE,21571
2020,2,C,PI,7476
2020,2,C,PR,14563
2020,2,C,RJ,19395
2020,2,C,RN,6455
2020,2,C,RO,4496
2020,2,C,RR,982
2020,2,C,RS,13703
2020,2,C,SC,8028
2020,2,C,SE,5346
2020,2,C,SP,41010
2020,2,C,TO,4234
2020,2,D,AC,1500
2020,2,D,AL,3870
2020,2,D,AM,8571
2020,2,D,AP,1477
2020,2,D,BA,19988
2020,2,D,CE,16770
2020,2,D,DF,6783
2020,2,D,ES,8067
2020,2,D,GO,18751
2020,2,D,MA,8374
2020,2,D,MG,37712
2020,2,D,MS,5886
2020,2,D,MT,6827
2020,2,D,PA,10529
2020,2,D,PB,6178
2020,2,D,PE,15998
2020,2,D,PI,4864
2020,2,D,PR,22719
2020,2,D,RJ,22207
2020,2,D,RN,5602
2020,2,D,RO,4465
2020,2,D,RR,1004
2020,2,D,RS,19009
2020,2,D,SC,13564
2020,2,D,SE,3337
2020,2,D,SP,65943
2020,2,D,TO,3962
2020,2,E,AC,826
2020,2,E,AL,1876
2020,2,E,AM,5248
2020,2,E,AP,735
2020,2,E,BA,8912
2020,2,E,CE,6357
2020,2,E,DF,5696
2020,2,E,ES,5295
2020,2,E,GO,11674
2020,2,E,MA,3912
2020,2,E,MG,26176
2020,2,E,MS,3698
2020,2,E,MT,4526
2020,2,E,PA,5273
2020,2,E,PB,2906
2020,2,E,PE,8380
2020,2,E,PI,2338
2020,2,E,PR,16108
2020,2,E,RJ,14319
2020,2,E,RN,2859
2020,2,E,RO,2557
2020,2,E,RR,755
2020,2,E,RS,10548
2020,2,E,SC,9060
2020,2,E,SE,1345
2020,2,E,SP,51187
2020,2,E,TO,2247
2020,3,A,AC,5
2020,3,A,AL,51
2020,3,A,AM,29
2020,3,A,AP,10
2020,3,A,BA,148
2020,3,A,CE,92
2020,3,A,DF,68
2020,3,A,ES,27
2020,3,A,GO,94
2020,3,A,MA,46
2020,3,A,MG,113
2020,3,A,MS,24
2020,3,A,MT,45
2020,3,A,PA,111
2020,3,A,PB,47
2020,3,A,PE,131
2020,3,A,PI,33
2020,3,A,PR,81
2020,3,A,RJ,249
2020,3,A,RN,48
2020,3,A,RO,6
2020,3,A,RR,5
2020,3,A,RS,64
2020,3,A,SC,46
2020,3,A,SE,46
2020,3,A,SP,425
2020,3,A,TO,13
2020,3,B,AC,15
2020,3,B,AL,234
2020,3,B,AM,73
2020,3,B,AP,21
2020,3,B,BA,637
2020,3,B,CE,424
2020,3,B,DF,216
2020,3,B,ES,90
2020,3,B,GO,287
2020,3,B,MA,184
2020,3,B,MG,372
2020,3,B,MS,76
2020,3,B,MT,99
2020,3,B,PA,444
2020,3,B,PB,291
2020,3,B,PE,477
2020,3,B,PI,229
2020,3,B,PR,305
2020,3,B,RJ,1171
2020,3,B,RN,137
2020,3,B,RO,23
2020,3,B,RR,10
2020,3,B,RS,292
2020,3,B,SC,134
2020,3,B,SE,229
2020,3,B,SP,1770
2020,3,B,TO,37
2020,3,C,AC,53
2020,3,C,AL,735
2020,3,C,AM,268
2020,3,C,AP,93
2020,3,C,BA,2399
2020,3,C,CE,1403
2020,3,C,DF,705
2020,3,C,ES,380
2020,3,C,GO,890
2020,3,C,MA,558
2020,3,C,MG,2090
2020,3,C,MS,263
2020,3,C,MT,307
2020,3,C,PA,1303
2020,3,C,PB,1001
2020,3,C,PE,1508
2020,3,C,PI,742
2020,3,C,PR,1397
2020,3,C,RJ,4087
2020,3,C,RN,695
2020,3,C,RO,81
2020,3,C,RR,29
2020,3,C,RS,1301
2020,3,C,SC,786
2020,3,C,SE,662
2020,3,C,SP,7226
2020,3,C,TO,98
2020,3,D,AC,103
2020,3,D,AL,1263
2020,3,D,AM,524
2020,3,D,AP,181
2020,3,D,BA,4637
2020,3,D,CE,2757
2020,3,D,DF,1957
2020,3,D,ES,1145
2020,3,D,GO,2307
2020,3,D,MA,991
2020,3,D,MG,5698
2020,3,D,MS,717
2020,3,D,MT,814
2020,3,D,PA,2319
2020,3,D,PB,1869
2020,3,D,PE,3129
2020,3,D,PI,1182
2020,3,D,PR,3993
2020,3,D,RJ,9293
2020,3,D,RN,1437
2020,3,D,RO,169
2020,3,D,RR,80
2020,3,D,RS,3095
2020,3,D,SC,2236
2020,3,D,SE,1154
2020,3,D,SP,21012
2020,3,D,TO,253
2020,3,E,AC,121
2020,3,E,AL,1287
2020,3,E,AM,617
2020,3,E,AP,233
2020,3,E,BA,4028
2020,3,E,CE,3238
2020,3,E,DF,3142
2020,3,E,ES,1310
2020,3,E,GO,2845
2020,3,E,MA,1196
2020,3,E,MG,7077
2020,3,E,MS,889
2020,3,E,MT,909
2020,3,E,PA,2281
2020,3,E,PB,1925
2020,3,E,PE,3799
2020,3,E,PI,1290
2020,3,E,PR,4995
2020,3,E,RJ,9240
2020,3,E,RN,1471
2020,3,E,RO,197
2020,3,E,RR,113
2020,3,E,RS,2939
2020,3,E,SC,2294
2020,3,E,SE,1172
2020,3,E,SP,24750
2020,3,E,TO,340
2021,1,A,AC,484
2021,1,A,AL,996
2021,1,A,AM,1563
2021,1,A,AP,485
2021,1,A,BA,3448
2021,1,A,CE,1784
2021,1,A,DF,739
2021,1,A,ES,538
2021,1,A,GO,1236
2021,1,A,MA,2512
2021,1,A,MG,2426
2021,1,A,MS,537
2021,1,A,MT,736
2021,1,A,PA,3714
2021,1,A,PB,1132
2021,1,A,PE,2549
2021,1,A,PI,981
2021,1,A,PR,878
2021,1,A,RJ,2667
2021,1,A,RN,841
2021,1,A,RO,421
2021,1,A,RR,153
2021,1,A,RS,1257
2021,1,A,SC,492
2021,1,A,SE,693
2021,1,A,SP,3651
2021,1,A,TO,440
2021,1,B,AC,3834
2021,1,B,AL,9263
2021,1,B,AM,11748
2021,1,B,AP,3962
2021,1,B,BA,38931
2021,1,B,CE,24039
2021,1,B,DF,7456
2021,1,B,ES,6290
2021,1,B,GO,11054
2021,1,B,MA,23392
2021,1,B,MG,31522
2021,1,B,MS,5148
2021,1,B,MT,6994
2021,1,B,PA,39761
2021,1,B,PB,16747
2021,1,B,PE,26237
2021,1,B,PI,13153
2021,1,B,PR,12096
2021,1,B,RJ,29401
2021,1,B,RN,11629
2021,1,B,RO,4513
2021,1,B,RR,1088
2021,1,B,RS,17733
2021,1,B,SC,7132
2021,1,B,SE,8715
2021,1,B,SP,43800
2021,1,B,TO,3879
2021,1,C,AC,5008
2021,1,C,AL,13904
2021,1,C,AM,15556
2021,1,C,AP,5456
2021,1,C,BA,58915
2021,1,C,CE,36791
2021,1,C,DF,11977
2021,1,C,ES,12021
2021,1,C,GO,20058
2021,1,C,MA,30925
2021,1,C,MG,64287
2021,1,C,MS,8096
2021,1,C,MT,11073
2021,1,C,PA,47224
2021,1,C,PB,26171
2021,1,C,PE,43616
2021,1,C,PI,19583
2021,1,C,PR,23010
2021,1,C,RJ,47436
2021,1,C,RN,20530
2021,1,C,RO,7322
2021,1,C,RR,1587
2021,1,C,RS,31525
2021,1,C,SC,12216
2021,1,C,SE,13333
2021,1,C,SP,81093
2021,1,C,TO,6098
2021,1,D,AC,3700
2021,1,D,AL,10449
2021,1,D,AM,11256
2021,1,D,AP,4075
2021,1,D,BA,48035
2021,1,D,CE,28699
2021,1,D,DF,12620
2021,1,D,ES,12730
2021,1,D,GO,22324
2021,1,D,MA,22942
2021,1,D,MG,73634
2021,1,D,MS,7506
2021,1,D,MT,11042
2021,1,D,PA,32070
2021,1,D,PB,18969
2021,1,D,PE,35806
2021,1,D,PI,15121
2021,1,D,PR,27113
2021,1,D,RJ,48230
2021,1,D,RN,16983
2021,1,D,RO,5677
2021,1,D,RR,1508
2021,1,D,RS,31133
2021,1,D,SC,14918
2021,1,D,SE,10408
2021,1,D,SP,103362
2021,1,D,TO,5642
2021,1,E,AC,2311
2021,1,E,AL,7141
2021,1,E,AM,7395
2021,1,E,AP,2910
2021,1,E,BA,27841
2021,1,E,CE,18583
2021,1,E,DF,13120
2021,1,E,ES,9613
2021,1,E,GO,19028
2021,1,E,MA,13930
2021,1,E,MG,59616
2021,1,E,MS,5794
2021,1,E,MT,8332
2021,1,E,PA,20289
2021,1,E,PB,12206
2021,1,E,PE,24143
2021,1,E,PI,10354
2021,1,E,PR,22713
2021,1,E,RJ,36153
2021,1,E,RN,10977
2021,1,E,RO,3877
2021,1,E,RR,1287
2021,1,E,RS,19252
2021,1,E,SC,11142
2021,1,E,SE,6278
2021,1,E,SP,92767
2021,1,E,TO,4290
2021,2,A,AC,197
2021,2,A,AL,368
2021,2,A,AM,2819
2021,2,A,AP,142
2021,2,A,BA,2417
2021,2,A,CE,4925
2021,2,A,DF,357
2021,2,A,ES,286
2021,2,A,GO,1663
2021,2,A,MA,1108
2021,2,A,MG,1056
2021,2,A,MS,382
2021,2,A,MT,422
2021,2,A,PA,1300
2021,2,A,PB,524
2021,2,A,PE,1664
2021,2,A,PI,376
2021,2,A,PR,634
2021,2,A,RJ,1167
2021,2,A,RN,290
2021,2,A,RO,278
2021,2,A,RR,76
2021,2,A,RS,794
2021,2,A,SC,406
2021,2,A,SE,346
2021,2,A,SP,1701
2021,2,A,TO,295
2021,2,B,AC,915
2021,2,B,AL,2409
2021,2,B,AM,11200
2021,2,B,AP,959
2021,2,B,BA,17141
2021,2,B,CE,36995
2021,2,B,DF,1761
2021,2,B,ES,1939
2021,2,B,GO,9283
2021,2,B,MA,8060
2021,2,B,MG,7840
2021,2,B,MS,1652
2021,2,B,MT,1943
2021,2,B,PA,9878
2021,2,B,PB,5049
2021,2,B,PE,11227
2021,2,B,PI,4181
2021,2,B,PR,3971
2021,2,B,RJ,7052
2021,2,B,RN,2679
2021,2,B,RO,1508
2021,2,B,RR,304
2021,2,B,RS,4217
2021,2,B,SC,2223
2021,2,B,SE,2798
2021,2,B,SP,10541
2021,2,B,TO,1698
2021,2,C,AC,1355
2021,2,C,AL,3609
2021,2,C,AM,11092
2021,2,C,AP,1313
2021,2,C,BA,24671
2021,2,C,CE,34228
2021,2,C,DF,3363
2021,2,C,ES,4911
2021,2,C,GO,15673
2021,2,C,MA,9673
2021,2,C,MG,19630
2021,2,C,MS,3320
2021,2,C,MT,3771
2021,2,C,PA,11447
2021,2,C,PB,7637
2021,2,C,PE,16771
2021,2,C,PI,5646
2021,2,C,PR,10569
2021,2,C,RJ,13298
2021,2,C,RN,4996
2021,2,C,RO,2980
2021,2,C,RR,568
2021,2,C,RS,10985
2021,2,C,SC,6351
2021,2,C,SE,3877
2021,2,C,SP,27571
2021,2,C,TO,2594
2021,2,D,AC,1382
2021,2,D,AL,3220
2021,2,D,AM,8851
2021,2,D,AP,1150
2021,2,D,BA,21550
2021,2,D,CE,18184
2021,2,D,DF,5261
2021,2,D,ES,7502
2021,2,D,GO,17306
2021,2,D,MA,7783
2021,2,D,MG,29093
2021,2,D,MS,4838
2021,2,D,MT,5524
2021,2,D,PA,9000
2021,2,D,PB,5767
2021,2,D,PE,14446
2021,2,D,PI,4512
2021,2,D,PR,18511
2021,2,D,RJ,17331
2021,2,D,RN,5217
2021,2,D,RO,3428
2021,2,D,RR,694
2021,2,D,RS,16168
2021,2,D,SC,11686
2021,2,D,SE,2942
2021,2,D,SP,50198
2021,2,D,TO,3103
2021,2,E,AC,861
2021,2,E,AL,1766
2021,2,E,AM,6806
2021,2,E,AP,813
2021,2,E,BA,11205
2021,2,E,CE,8725
2021,2,E,DF,5207
2021,2,E,ES,5561
2021,2,E,GO,13146
2021,2,E,MA,4566
2021,2,E,MG,23346
2021,2,E,MS,3353
2021,2,E,MT,4034
2021,2,E,PA,5282
2021,2,E,PB,3074
2021,2,E,PE,8493
2021,2,E,PI,2642
2021,2,E,PR,14287
2021,2,E,RJ,12451
2021,2,E,RN,3023
2021,2,E,RO,2289
2021,2,E,RR,626
2021,2,E,RS,9868
2021,2,E,SC,8391
2021,2,E,SE,1374
2021,2,E,SP,43337
2021,2,E,TO,2123
2021,3,A,AC,10
2021,3,A,AL,66
2021,3,A,AM,30
2021,3,A,AP,8
2021,3,A,BA,145
2021,3,A,CE,85
2021,3,A,DF,62
2021,3,A,ES,26
2021,3,A,GO,89
2021,3,A,MA,62
2021,3,A,MG,148
2021,3,A,MS,34
2021,3,A,MT,41
2021,3,A,PA,111
2021,3,A,PB,46
2021,3,A,PE,141
2021,3,A,PI,43
2021,3,A,PR,118
2021,3,A,RJ,275
2021,3,A,RN,54
2021,3,A,RO,7
2021,3,A,RR,2
2021,3,A,RS,61
2021,3,A,SC,58
2021,3,A,SE,51
2021,3,A,SP,476
2021,3,A,TO,17
2021,3,B,AC,8
2021,3,B,AL,180
2021,3,B,AM,79
2021,3,B,AP,22
2021,3,B,BA,562
2021,3,B,CE,325
2021,3,B,DF,185
2021,3,B,ES,57
2021,3,B,GO,238
2021,3,B,MA,171
2021,3,B,MG,354
2021,3,B,MS,72
2021,3,B,MT,83
2021,3,B,PA,340
2021,3,B,PB,220
2021,3,B,PE,350
2021,3,B,PI,156
2021,3,B,PR,256
2021,3,B,RJ,1032
2021,3,B,RN,137
2021,3,B,RO,15
2021,3,B,RR,8
2021,3,B,RS,245
2021,3,B,SC,186
2021,3,B,SE,138
2021,3,B,SP,1578
2021,3,B,TO,31
2021,3,C,AC,48
2021,3,C,AL,653
2021,3,C,AM,214
2021,3,C,AP,82
2021,3,C,BA,2189
2021,3,C,CE,1185
2021,3,C,DF,720
2021,3,C,ES,333
2021,3,C,GO,766
2021,3,C,MA,518
2021,3,C,MG,1999
2021,3,C,MS,228
2021,3,C,MT,277
2021,3,C,PA,1109
2021,3,C,PB,817
2021,3,C,PE,1357
2021,3,C,PI,590
2021,3,C,PR,1219
2021,3,C,RJ,3712
2021,3,C,RN,596
2021,3,C,RO,76
2021,3,C,RR,21
2021,3,C,RS,1224
2021,3,C,SC,780
2021,3,C,SE,570
2021,3,C,SP,6523
2021,3,C,TO,77
2021,3,D,AC,118
2021,3,D,AL,1225
2021,3,D,AM,507
2021,3,D,AP,165
2021,3,D,BA,4690
2021,3,D,CE,2606
2021,3,D,DF,1693
2021,3,D,ES,1092
2021,3,D,GO,2140
2021,3,D,MA,997
2021,3,D,MG,5634
2021,3,D,MS,666
2021,3,D,MT,882
2021,3,D,PA,2080
2021,3,D,PB,1711
2021,3,D,PE,3001
2021,3,D,PI,1197
2021,3,D,PR,3923
2021,3,D,RJ,8985
2021,3,D,RN,1397
2021,3,D,RO,197
2021,3,D,RR,65
2021,3,D,RS,3121
2021,3,D,SC,2449
2021,3,D,SE,1091
2021,3,D,SP,19627
2021,3,D,TO,219
2021,3,E,AC,105
2021,3,E,AL,1335
2021,3,E,AM,662
2021,3,E,AP,232
2021,3,E,BA,4454
2021,3,E,CE,3363
2021,3,E,DF,2980
2021,3,E,ES,1282
2021,3,E,GO,2911
2021,3,E,MA,1266
2021,3,E,MG,7244
2021,3,E,MS,864
2021,3,E,MT,931
2021,3,E,PA,2373
2021,3,E,PB,1932
2021,3,E,PE,3815
2021,3,E,PI,1434
2021,3,E,PR,4984
2021,3,E,RJ,9157
2021,3,E,RN,1470
2021,3,E,RO,213
2021,3,E,RR,69
2021,3,E,RS,2901
2021,3,E,SC,2335
2021,3,E,SE,1182
2021,3,E,SP,23728
2021,3,E,TO,367
2022,1,A,AC,539
2022,1,A,AL,1118
2022,1,A,AM,1649
2022,1,A,AP,496
2022,1,A,BA,4282
2022,1,A,CE,2544
2022,1,A,DF,816
2022,1,A,ES,538
2022,1,A,GO,1513
2022,1,A,MA,2617
2022,1,A,MG,2684
2022,1,A,MS,581
2022,1,A,MT,906
2022,1,A,PA,4538
2022,1,A,PB,1218
2022,1,A,PE,2608
2022,1,A,PI,1069
2022,1,A,PR,1042
2022,1,A,RJ,3193
2022,1,A,RN,1073
2022,1,A,RO,425
2022,1,A,RR,167
2022,1,A,RS,1523
2022,1,A,SC,607
2022,1,A,SE,823
2022,1,A,SP,4239
2022,1,A,TO,420
2022,1,B,AC,3971
2022,1,B,AL,9305
2022,1,B,AM,10435
2022,1,B,AP,3878
2022,1,B,BA,41147
2022,1,B,CE,25064
2022,1,B,DF,6205
2022,1,B,ES,5428
2022,1,B,GO,10194
2022,1,B,MA,21708
2022,1,B,MG,27428
2022,1,B,MS,4936
2022,1,B,MT,6232
2022,1,B,PA,40597
2022,1,B,PB,15847
2022,1,B,PE,24018
2022,1,B,PI,13239
2022,1,B,PR,10500
2022,1,B,RJ,26953
2022,1,B,RN,12504
2022,1,B,RO,3679
2022,1,B,RR,896
2022,1,B,RS,16436
2022,1,B,SC,6341
2022,1,B,SE,8965
2022,1,B,SP,37413
2022,1,B,TO,3229
2022,1,C,AC,5257
2022,1,C,AL,13809
2022,1,C,AM,13724
2022,1,C,AP,5172
2022,1,C,BA,59665
2022,1,C,CE,36161
2022,1,C,DF,10086
2022,1,C,ES,10555
2022,1,C,GO,18371
2022,1,C,MA,29501
2022,1,C,MG,55350
2022,1,C,MS,7373
2022,1,C,MT,9926
2022,1,C,PA,46182
2022,1,C,PB,24152
2022,1,C,PE,39369
2022,1,C,PI,19300
2022,1,C,PR,20479
2022,1,C,RJ,43389
2022,1,C,RN,21095
2022,1,C,RO,5845
2022,1,C,RR,1508
2022,1,C,RS,28397
2022,1,C,SC,10630
2022,1,C,SE,13190
2022,1,C,SP,71113
2022,1,C,TO,4845
2022,1,D,AC,3855
2022,1,D,AL,10932
2022,1,D,AM,10437
2022,1,D,AP,3984
2022,1,D,BA,50904
2022,1,D,CE,29263
2022,1,D,DF,11746
2022,1,D,ES,12042
2022,1,D,GO,22530
2022,1,D,MA,22787
2022,1,D,MG,68893
2022,1,D,MS,7648
2022,1,D,MT,10725
2022,1,D,PA,33373
2022,1,D,PB,18552
2022,1,D,PE,34406
2022,1,D,PI,15622
2022,1,D,PR,26990
2022,1,D,RJ,48473
2022,1,D,RN,17387
2022,1,D,RO,5239
2022,1,D,RR,1524
2022,1,D,RS,30423
2022,1,D,SC,14241
2022,1,D,SE,10790
2022,1,D,SP,102585
2022,1,D,TO,5142
2022,1,E,AC,2346
2022,1,E,AL,7391
2022,1,E,AM,7110
2022,1,E,AP,2729
2022,1,E,BA,28673
2022,1,E,CE,19306
2022,1,E,DF,12127
2022,1,E,ES,9093
2022,1,E,GO,19274
2022,1,E,MA,14067
2022,1,E,MG,55221
2022,1,E,MS,5702
2022,1,E,MT,8354
2022,1,E,PA,21710
2022,1,E,PB,11786
2022,1,E,PE,22818
2022,1,E,PI,10402
2022,1,E,PR,22494
2022,1,E,RJ,35910
2022,1,E,RN,11378
2022,1,E,RO,3536
2022,1,E,RR,1405
2022,1,E,RS,18379
2022,1,E,SC,10421
2022,1,E,SE,6420
2022,1,E,SP,91688
2022,1,E,TO,4092
2022,2,A,AC,281
2022,2,A,AL,632
2022,2,A,AM,2089
2022,2,A,AP,254
2022,2,A,BA,2319
2022,2,A,CE,4653
2022,2,A,DF,567
2022,2,A,ES,423
2022,2,A,GO,2174
2022,2,A,MA,1621
2022,2,A,MG,1405
2022,2,A,MS,541
2022,2,A,MT,712
2022,2,A,PA,2024
2022,2,A,PB,765
2022,2,A,PE,1631
2022,2,A,PI,512
2022,2,A,PR,1019
2022,2,A,RJ,2125
2022,2,A,RN,476
2022,2,A,RO,406
2022,2,A,RR,133
2022,2,A,RS,1238
2022,2,A,SC,576
2022,2,A,SE,475
2022,2,A,SP,3288
2022,2,A,TO,407
2022,2,B,AC,1265
2022,2,B,AL,3824
2022,2,B,AM,9228
2022,2,B,AP,1344
2022,2,B,BA,15025
2022,2,B,CE,32439
2022,2,B,DF,2205
2022,2,B,ES,2147
2022,2,B,GO,8817
2022,2,B,MA,10281
2022,2,B,MG,8055
2022,2,B,MS,2172
2022,2,B,MT,2412
2022,2,B,PA,13350
2022,2,B,PB,6350
2022,2,B,PE,11509
2022,2,B,PI,5115
2022,2,B,PR,5053
2022,2,B,RJ,10724
2022,2,B,RN,3457
2022,2,B,RO,1728
2022,2,B,RR,351
2022,2,B,RS,5246
2022,2,B,SC,2657
2022,2,B,SE,3654
2022,2,B,SP,14909
2022,2,B,TO,1774
2022,2,C,AC,1821
2022,2,C,AL,5394
2022,2,C,AM,9546
2022,2,C,AP,1697
2022,2,C,BA,20585
2022,2,C,CE,32192
2022,2,C,DF,3899
2022,2,C,ES,5392
2022,2,C,GO,14316
2022,2,C,MA,11836
2022,2,C,MG,19242
2022,2,C,MS,3965
2022,2,C,MT,4747
2022,2,C,PA,14654
2022,2,C,PB,8497
2022,2,C,PE,17941
2022,2,C,PI,6579
2022,2,C,PR,12057
2022,2,C,RJ,17319
2022,2,C,RN,6213
2022,2,C,RO,3219
2022,2,C,RR,667
2022,2,C,RS,12279
2022,2,C,SC,7003
2022,2,C,SE,5008
2022,2,C,SP,36450
2022,2,C,TO,2823
2022,2,D,AC,1720
2022,2,D,AL,4753
2022,2,D,AM,8418
2022,2,D,AP,1518
2022,2,D,BA,19529
2022,2,D,CE,22468
2022,2,D,DF,5868
2022,2,D,ES,8509
2022,2,D,GO,20027
2022,2,D,MA,9543
2022,2,D,MG,30227
2022,2,D,MS,5430
2022,2,D,MT,7181
2022,2,D,PA,12018
2022,2,D,PB,6923
2022,2,D,PE,16098
2022,2,D,PI,5591
2022,2,D,PR,21896
2022,2,D,RJ,21850
2022,2,D,RN,6438
2022,2,D,RO,4149
2022,2,D,RR,821
2022,2,D,RS,18631
2022,2,D,SC,13679
2022,2,D,SE,3871
2022,2,D,SP,66129
2022,2,D,TO,3261
2022,2,E,AC,1161
2022,2,E,AL,3110
2022,2,E,AM,6635
2022,2,E,AP,1037
2022,2,E,BA,10545
2022,2,E,CE,14317
2022,2,E,DF,5729
2022,2,E,ES,6311
2022,2,E,GO,17113
2022,2,E,MA,5637
2022,2,E,MG,24334
2022,2,E,MS,4144
2022,2,E,MT,5426
2022,2,E,PA,7551
2022,2,E,PB,4050
2022,2,E,PE,10193
2022,2,E,PI,3361
2022,2,E,PR,17047
2022,2,E,RJ,15855
2022,2,E,RN,3795
2022,2,E,RO,3119
2022,2,E,RR,726
2022,2,E,RS,11179
2022,2,E,SC,9767
2022,2,E,SE,1999
2022,2,E,SP,58856
2022,2,E,TO,2634
2022,3,A,AC,7
2022,3,A,AL,87
2022,3,A,AM,64
2022,3,A,AP,13
2022,3,A,BA,242
2022,3,A,CE,130
2022,3,A,DF,99
2022,3,A,ES,43
2022,3,A,GO,141
2022,3,A,MA,79
2022,3,A,MG,218
2022,3,A,MS,52
2022,3,A,MT,54
2022,3,A,PA,147
2022,3,A,PB,85
2022,3,A,PE,198
2022,3,A,PI,50
2022,3,A,PR,144
2022,3,A,RJ,427
2022,3,A,RN,72
2022,3,A,RO,11
2022,3,A,RR,11
2022,3,A,RS,125
2022,3,A,SC,92
2022,3,A,SE,58
2022,3,A,SP,769
2022,3,A,TO,14
2022,3,B,AC,24
2022,3,B,AL,202
2022,3,B,AM,91
2022,3,B,AP,27
2022,3,B,BA,674
2022,3,B,CE,357
2022,3,B,DF,240
2022,3,B,ES,118
2022,3,B,GO,303
2022,3,B,MA,181
2022,3,B,MG,465
2022,3,B,MS,99
2022,3,B,MT,122
2022,3,B,PA,437
2022,3,B,PB,269
2022,3,B,PE,477
2022,3,B,PI,161
2022,3,B,PR,360
2022,3,B,RJ,1270
2022,3,B,RN,161
2022,3,B,RO,30
2022,3,B,RR,9
2022,3,B,RS,334
2022,3,B,SC,226
2022,3,B,SE,169
2022,3,B,SP,2057
2022,3,B,TO,34
2022,3,C,AC,65
2022,3,C,AL,605
2022,3,C,AM,275
2022,3,C,AP,81
2022,3,C,BA,2379
2022,3,C,CE,1272
2022,3,C,DF,712
2022,3,C,ES,389
2022,3,C,GO,946
2022,3,C,MA,564
2022,3,C,MG,2328
2022,3,C,MS,297
2022,3,C,MT,378
2022,3,C,PA,1162
2022,3,C,PB,897
2022,3,C,PE,1405
2022,3,C,PI,587
2022,3,C,PR,1423
2022,3,C,RJ,4047
2022,3,C,RN,699
2022,3,C,RO,102
2022,3,C,RR,31
2022,3,C,RS,1386
2022,3,C,SC,868
2022,3,C,SE,543
2022,3,C,SP,7348
2022,3,C,TO,103
2022,3,D,AC,142
2022,3,D,AL,1373
2022,3,D,AM,559
2022,3,D,AP,187
2022,3,D,BA,4821
2022,3,D,CE,2745
2022,3,D,DF,1985
2022,3,D,ES,1206
2022,3,D,GO,2596
2022,3,D,MA,1078
2022,3,D,MG,6440
2022,3,D,MS,791
2022,3,D,MT,1040
2022,3,D,PA,2327
2022,3,D,PB,1808
2022,3,D,PE,3169
2022,3,D,PI,1262
2022,3,D,PR,4545
2022,3,D,RJ,9891
2022,3,D,RN,1614
2022,3,D,RO,234
2022,3,D,RR,75
2022,3,D,RS,3593
2022,3,D,SC,2827
2022,3,D,SE,1130
2022,3,D,SP,22104
2022,3,D,TO,294
2022,3,E,AC,147
2022,3,E,AL,1410
2022,3,E,AM,726
2022,3,E,AP,257
2022,3,E,BA,4376
2022,3,E,CE,3466
2022,3,E,DF,3117
2022,3,E,ES,1506
2022,3,E,GO,3307
2022,3,E,MA,1416
2022,3,E,MG,7491
2022,3,E,MS,952
2022,3,E,MT,1166
2022,3,E,PA,2551
2022,3,E,PB,2039
2022,3,E,PE,3755
2022,3,E,PI,1550
2022,3,E,PR,5347
2022,3,E,RJ,9464
2022,3,E,RN,1687
2022,3,E,RO,247
2022,3,E,RR,110
2022,3,E,RS,3126
2022,3,E,SC,2856
2022,3,E,SE,1217
2022,3,E,SP,25494
2022,3,E,TO,368
2023,1,A,AC,711
2023,1,A,AL,1646
2023,1,A,AM,2090
2023,1,A,AP,816
2023,1,A,BA,6152
2023,1,A,CE,3389
2023,1,A,DF,1116
2023,1,A,ES,708
2023,1,A,GO,1736
2023,1,A,MA,3316
2023,1,A,MG,3615
2023,1,A,MS,712
2023,1,A,MT,984
2023,1,A,PA,5185
2023,1,A,PB,1930
2023,1,A,PE,3422
2023,1,A,PI,1362
2023,1,A,PR,1228
2023,1,A,RJ,4527
2023,1,A,RN,1446
2023,1,A,RO,500
2023,1,A,RR,204
2023,1,A,RS,1941
2023,1,A,SC,848
2023,1,A,SE,1064
2023,1,A,SP,5431
2023,1,A,TO,566
2023,1,B,AC,4741
2023,1,B,AL,13552
2023,1,B,AM,15570
2023,1,B,AP,5556
2023,1,B,BA,63105
2023,1,B,CE,33324
2023,1,B,DF,8583
2023,1,B,ES,7588
2023,1,B,GO,12812
2023,1,B,MA,30379
2023,1,B,MG,37112
2023,1,B,MS,5973
2023,1,B,MT,7028
2023,1,B,PA,51450
2023,1,B,PB,23130
2023,1,B,PE,34480
2023,1,B,PI,17201
2023,1,B,PR,12471
2023,1,B,RJ,39690
2023,1,B,RN,16481
2023,1,B,RO,4816
2023,1,B,RR,1200
2023,1,B,RS,19233
2023,1,B,SC,7988
2023,1,B,SE,11893
2023,1,B,SP,47290
2023,1,B,TO,4101
2023,1,C,AC,5452
2023,1,C,AL,17169
2023,1,C,AM,17614
2023,1,C,AP,6842
2023,1,C,BA,77052
2023,1,C,CE,42854
2023,1,C,DF,12167
2023,1,C,ES,12883
2023,1,C,GO,20984
2023,1,C,MA,37563
2023,1,C,MG,67470
2023,1,C,MS,8353
2023,1,C,MT,10586
2023,1,C,PA,53696
2023,1,C,PB,30053
2023,1,C,PE,48126
2023,1,C,PI,22800
2023,1,C,PR,21735
2023,1,C,RJ,52329
2023,1,C,RN,24937
2023,1,C,RO,6839
2023,1,C,RR,1770
2023,1,C,RS,30405
2023,1,C,SC,12329
2023,1,C,SE,15688
2023,1,C,SP,79534
2023,1,C,TO,5753
2023,1,D,AC,4036
2023,1,D,AL,12614
2023,1,D,AM,12275
2023,1,D,AP,4825
2023,1,D,BA,59373
2023,1,D,CE,32581
2023,1,D,DF,12450
2023,1,D,ES,13911
2023,1,D,GO,23890
2023,1,D,MA,27244
2023,1,D,MG,79482
2023,1,D,MS,8415
2023,1,D,MT,11355
2023,1,D,PA,36115
2023,1,D,PB,21151
2023,1,D,PE,38286
2023,1,D,PI,17503
2023,1,D,PR,28404
2023,1,D,RJ,53795
2023,1,D,RN,19922
2023,1,D,RO,5749
2023,1,D,RR,1706
2023,1,D,RS,30788
2023,1,D,SC,15923
2023,1,D,SE,11814
2023,1,D,SP,109351
2023,1,D,TO,5565
2023,1,E,AC,2367
2023,1,E,AL,8355
2023,1,E,AM,7877
2023,1,E,AP,3300
2023,1,E,BA,31661
2023,1,E,CE,20854
2023,1,E,DF,12610
2023,1,E,ES,10210
2023,1,E,GO,20020
2023,1,E,MA,16011
2023,1,E,MG,61426
2023,1,E,MS,6145
2023,1,E,MT,8858
2023,1,E,PA,22344
2023,1,E,PB,12835
2023,1,E,PE,24760
2023,1,E,PI,11077
2023,1,E,PR,23571
2023,1,E,RJ,38842
2023,1,E,RN,12209
2023,1,E,RO,3804
2023,1,E,RR,1545
2023,1,E,RS,18952
2023,1,E,SC,11469
2023,1,E,SE,6710
2023,1,E,SP,95873
2023,1,E,TO,4213
2023,2,A,AC,376
2023,2,A,AL,1058
2023,2,A,AM,2139
2023,2,A,AP,295
2023,2,A,BA,2574
2023,2,A,CE,5649
2023,2,A,DF,710
2023,2,A,ES,565
2023,2,A,GO,2691
2023,2,A,MA,1993
2023,2,A,MG,2131
2023,2,A,MS,538
2023,2,A,MT,956
2023,2,A,PA,1980
2023,2,A,PB,933
2023,2,A,PE,2017
2023,2,A,PI,678
2023,2,A,PR,1630
2023,2,A,RJ,2447
2023,2,A,RN,575
2023,2,A,RO,446
2023,2,A,RR,127
2023,2,A,RS,1524
2023,2,A,SC,822
2023,2,A,SE,577
2023,2,A,SP,4779
2023,2,A,TO,446
2023,2,B,AC,1423
2023,2,B,AL,6792
2023,2,B,AM,9275
2023,2,B,AP,1672
2023,2,B,BA,17802
2023,2,B,CE,32058
2023,2,B,DF,2755
2023,2,B,ES,2713
2023,2,B,GO,9867
2023,2,B,MA,14181
2023,2,B,MG,11149
2023,2,B,MS,2127
2023,2,B,MT,3050
2023,2,B,PA,14637
2023,2,B,PB,8633
2023,2,B,PE,13790
2023,2,B,PI,6814
2023,2,B,PR,6867
2023,2,B,RJ,11635
2023,2,B,RN,4171
2023,2,B,RO,2052
2023,2,B,RR,443
2023,2,B,RS,5872
2023,2,B,SC,3234
2023,2,B,SE,3843
2023,2,B,SP,18824
2023,2,B,TO,2058
2023,2,C,AC,1868
2023,2,C,AL,7521
2023,2,C,AM,9310
2023,2,C,AP,2008
2023,2,C,BA,22921
2023,2,C,CE,30426
2023,2,C,DF,4410
2023,2,C,ES,5961
2023,2,C,GO,14783
2023,2,C,MA,14435
2023,2,C,MG,22261
2023,2,C,MS,3859
2023,2,C,MT,5041
2023,2,C,PA,16313
2023,2,C,PB,10001
2023,2,C,PE,19278
2023,2,C,PI,8481
2023,2,C,PR,14619
2023,2,C,RJ,17686
2023,2,C,RN,6707
2023,2,C,RO,3326
2023,2,C,RR,762
2023,2,C,RS,12238
2023,2,C,SC,7386
2023,2,C,SE,5252
2023,2,C,SP,39878
2023,2,C,TO,3036
2023,2,D,AC,1697
2023,2,D,AL,6191
2023,2,D,AM,8122
2023,2,D,AP,1651
2023,2,D,BA,19473
2023,2,D,CE,20503
2023,2,D,DF,6015
2023,2,D,ES,9025
2023,2,D,GO,18858
2023,2,D,MA,10661
2023,2,D,MG,31565
2023,2,D,MS,5182
2023,2,D,MT,7449
2023,2,D,PA,12397
2023,2,D,PB,6816
2023,2,D,PE,16117
2023,2,D,PI,6281
2023,2,D,PR,24341
2023,2,D,RJ,20468
2023,2,D,RN,6125
2023,2,D,RO,4453
2023,2,D,RR,840
2023,2,D,RS,18215
2023,2,D,SC,13232
2023,2,D,SE,3803
2023,2,D,SP,68135
2023,2,D,TO,3462
2023,2,E,AC,1175
2023,2,E,AL,3708
2023,2,E,AM,6591
2023,2,E,AP,1194
2023,2,E,BA,9761
2023,2,E,CE,12340
2023,2,E,DF,5411
2023,2,E,ES,6566
2023,2,E,GO,15351
2023,2,E,MA,6139
2023,2,E,MG,23486
2023,2,E,MS,3699
2023,2,E,MT,5501
2023,2,E,PA,7258
2023,2,E,PB,3683
2023,2,E,PE,9297
2023,2,E,PI,3482
2023,2,E,PR,18854
2023,2,E,RJ,13741
2023,2,E,RN,3452
2023,2,E,RO,3284
2023,2,E,RR,747
2023,2,E,RS,10767
2023,2,E,SC,9762
2023,2,E,SE,1791
2023,2,E,SP,57787
2023,2,E,TO,2476
2023,3,A,AC,14
2023,3,A,AL,106
2023,3,A,AM,72
2023,3,A,AP,15
2023,3,A,BA,307
2023,3,A,CE,126
2023,3,A,DF,148
2023,3,A,ES,39
2023,3,A,GO,172
2023,3,A,MA,100
2023,3,A,MG,233
2023,3,A,MS,62
2023,3,A,MT,95
2023,3,A,PA,188
2023,3,A,PB,82
2023,3,A,PE,204
2023,3,A,PI,62
2023,3,A,PR,176
2023,3,A,RJ,567
2023,3,A,RN,85
2023,3,A,RO,29
2023,3,A,RR,11
2023,3,A,RS,180
2023,3,A,SC,136
2023,3,A,SE,53
2023,3,A,SP,992
2023,3,A,TO,29
2023,3,B,AC,17
2023,3,B,AL,253
2023,3,B,AM,125
2023,3,B,AP,50
2023,3,B,BA,932
2023,3,B,CE,441
2023,3,B,DF,226
2023,3,B,ES,117
2023,3,B,GO,376
2023,3,B,MA,296
2023,3,B,MG,560
2023,3,B,MS,116
2023,3,B,MT,149
2023,3,B,PA,552
2023,3,B,PB,344
2023,3,B,PE,494
2023,3,B,PI,207
2023,3,B,PR,382
2023,3,B,RJ,1440
2023,3,B,RN,193
2023,3,B,RO,45
2023,3,B,RR,14
2023,3,B,RS,377
2023,3,B,SC,273
2023,3,B,SE,199
2023,3,B,SP,2159
2023,3,B,TO,40
2023,3,C,AC,63
2023,3,C,AL,715
2023,3,C,AM,364
2023,3,C,AP,115
2023,3,C,BA,2666
2023,3,C,CE,1287
2023,3,C,DF,828
2023,3,C,ES,449
2023,3,C,GO,1128
2023,3,C,MA,759
2023,3,C,MG,2640
2023,3,C,MS,330
2023,3,C,MT,403
2023,3,C,PA,1474
2023,3,C,PB,925
2023,3,C,PE,1483
2023,3,C,PI,768
2023,3,C,PR,1560
2023,3,C,RJ,4548
2023,3,C,RN,767
2023,3,C,RO,121
2023,3,C,RR,45
2023,3,C,RS,1657
2023,3,C,SC,1060
2023,3,C,SE,557
2023,3,C,SP,8154
2023,3,C,TO,137
2023,3,D,AC,134
2023,3,D,AL,1504
2023,3,D,AM,730
2023,3,D,AP,228
2023,3,D,BA,5615
2023,3,D,CE,2816
2023,3,D,DF,2168
2023,3,D,ES,1365
2023,3,D,GO,2839
2023,3,D,MA,1257
2023,3,D,MG,7250
2023,3,D,MS,899
2023,3,D,MT,1176
2023,3,D,PA,2681
2023,3,D,PB,1984
2023,3,D,PE,3313
2023,3,D,PI,1326
2023,3,D,PR,4813
2023,3,D,RJ,10512
2023,3,D,RN,1748
2023,3,D,RO,275
2023,3,D,RR,102
2023,3,D,RS,4138
2023,3,D,SC,3566
2023,3,D,SE,1151
2023,3,D,SP,24869
2023,3,D,TO,309
2023,3,E,AC,200
2023,3,E,AL,1576
2023,3,E,AM,762
2023,3,E,AP,240
2023,3,E,BA,4874
2023,3,E,CE,3312
2023,3,E,DF,3378
2023,3,E,ES,1624
2023,3,E,GO,3603
2023,3,E,MA,1422
2023,3,E,MG,8195
2023,3,E,MS,1045
2023,3,E,MT,1281
2023,3,E,PA,2892
2023,3,E,PB,2011
2023,3,E,PE,3792
2023,3,E,PI,1597
2023,3,E,PR,5855
2023,3,E,RJ,10069
2023,3,E,RN,1888
2023,3,E,RO,299
2023,3,E,RR,123
2023,3,E,RS,3632
2023,3,E,SC,3235
2023,3,E,SE,1145
2023,3,E,SP,27711
2023,3,E,TO,427
